"recordTime","hotArr.word","hotArr.word_scheme","hotArr.label_name","hotArr.num","hotArr.category","hotArr.note"
"1673416491602","1888万彩礼","#1888万彩礼#","热",3262209,"社会新闻","1888万彩礼"
,"辉瑞CEO称新冠药不能太便宜","#辉瑞CEO称新冠药不能太便宜#","新",1080038,"社会新闻","辉瑞CEO称新冠药不能太便宜"
,"新冠康复如何做到清淡饮食","#新冠康复如何做到清淡饮食#","",987826,"社会新闻","新冠康复如何做到清淡饮食"
,"一家4口三亚溺水全部遇难","#一家4口三亚溺水全部遇难#","热",985318,"社会新闻","一家4口三亚溺水全部遇难"
,"权志龙姐姐开北京首店","#权志龙姐姐开北京首店#","热",948824,"艺人","权志龙姐姐开北京首店"
,"灰太狼的羊称家暴出轨均为虚构","#灰太狼的羊称家暴出轨均为虚构#","新",883750,"网红,社会新闻","灰太狼的羊称家暴出轨均为虚构"
,"藤萝为枝","藤萝为枝","新",872255,"其它","藤萝为枝"
,"3岁男童反复呕吐被确诊癌症晚期","#3岁男童反复呕吐被确诊癌症晚期#","新",803105,"社会新闻","3岁男童反复呕吐被确诊癌症晚期"
,"短发新娘不穿婚纱被误认成伴郎","#短发新娘不穿婚纱被误认成伴郎#","新",727209,"社会新闻","短发新娘不穿婚纱被误认成伴郎"
,"杨紫琼金球奖影后","#杨紫琼金球奖影后#","沸",593824,"影视","杨紫琼金球奖影后"
,"网购60支冰淇淋到货发现用30箱装","#网购60支冰淇淋到货发现用30箱装#","新",592944,"社会新闻","网购60支冰淇淋到货发现用30箱装"
,"虞书欣早期生图","#虞书欣早期生图#","",564769,"作品衍生","虞书欣早期生图"
,"余景天就机场拥堵事件道歉","#余景天就机场拥堵事件道歉#","热",543935,"社会新闻,艺人","余景天就机场拥堵事件道歉"
,"iPhone16Pro或取消灵动岛","#iPhone16Pro或取消灵动岛#","",521096,"科技","iPhone16Pro或取消灵动岛"
,"程耳对王一博说咱俩吃饭去得了","#程耳对王一博说咱俩吃饭去得了#","新",466821,"影视","程耳对王一博说咱俩吃饭去得了"
,"电费1个月3481元竟有电费刺客","#电费1个月3481元竟有电费刺客#","热",437723,"社会新闻","电费1个月3481元竟有电费刺客"
,"中国目前流行毒株是世界其他地方已存在毒株","#中国目前流行毒株是世界其他地方已存在毒株#","新",435206,"社会新闻","中国目前流行毒株是世界其他地方已存在毒株"
,"韩国要求香港航班只能降落仁川机场","#韩国要求香港航班只能降落仁川机场#","",393279,"社会新闻","韩国要求香港航班只能降落仁川机场"
,"女孩上门迎娶自己的新郎","#女孩上门迎娶自己的新郎#","",359469,"情感","女孩上门迎娶自己的新郎"
,"没想到这猫咪居然这么脏","#没想到这猫咪居然这么脏#","新",350574,"幽默","没想到这猫咪居然这么脏"
,"日本发红色挂件标记中国旅客","#日本发红色挂件标记中国旅客#","",319286,"社会新闻","日本发红色挂件标记中国旅客"
,"优衣库日本员工将涨薪40%","#优衣库日本员工将涨薪40%#","新",277226,"财经","优衣库日本员工将涨薪40%"
,"张雪迎说小女沈妙今日大婚","#张雪迎说小女沈妙今日大婚#","新",261457,"影视","张雪迎说小女沈妙今日大婚"
,"韩国","#韩国#","热",251158,"国外要闻","韩国"
,"泰国出境机票预订量第一","#泰国出境机票预订量第一#","",249637,"旅游","泰国出境机票预订量第一"
,"王鹤棣片场逗狗花絮","#王鹤棣片场逗狗花絮#","新",242249,"影视","王鹤棣片场逗狗花絮"
,"男子鱼刺卡喉反复按压致脑梗","#男子鱼刺卡喉反复按压致脑梗#","新",238894,"社会新闻","男子鱼刺卡喉反复按压致脑梗"
,"深圳生育第三孩累计补贴1.9万元","#深圳生育第三孩累计补贴1.9万元#","",232674,"社会新闻","深圳生育第三孩累计补贴1.9万元"
,"肖战两次获得影视榜样年度人气男演员","#肖战两次获得影视榜样年度人气男演员#","",229333,"影视","肖战两次获得影视榜样年度人气男演员"
,"一公司就给员工加薪50元道歉","#一公司就给员工加薪50元道歉#","",219989,"社会新闻","一公司就给员工加薪50元道歉"
,"大侦探8新春演唱会票价","#大侦探8新春演唱会票价#","",219050,"综艺","大侦探8新春演唱会票价"
,"曝以爱为营剧组拖欠群演薪资","#曝以爱为营剧组拖欠群演薪资#","",207917,"艺人","曝以爱为营剧组拖欠群演薪资"
,"iPhone15全系将搭载灵动岛","#iPhone15全系将搭载灵动岛#","",201254,"科技","iPhone15全系将搭载灵动岛"
,"赵丽颖待播影视作品","#赵丽颖待播影视作品#","",199728,"影视","赵丽颖待播影视作品"
,"易烊千玺入选2022华语院线出彩演员","#易烊千玺入选2022华语院线出彩演员#","",188031,"影视","易烊千玺入选2022华语院线出彩演员"
,"老人去世00后担起重任帮抬棺","#老人去世00后担起重任帮抬棺#","新",184665,"社会新闻","老人去世00后担起重任帮抬棺"
,"人民网评电视收费乱象","#人民网评电视收费乱象#","",184109,"社会新闻,科技","人民网评电视收费乱象"
,"李现吃黄焖鸡要多加土豆","#李现吃黄焖鸡要多加土豆#","",183865,"作品衍生","李现吃黄焖鸡要多加土豆"
,"C罗合同无帮助申办世界杯条款","#C罗合同无帮助申办世界杯条款#","",177644,"体育,社会新闻","C罗合同无帮助申办世界杯条款"
,"各地大学生出手了","#各地大学生出手了#","",174342,"幽默,教育","各地大学生出手了"
,"微博音乐盛典今日官宣阵容","#微博音乐盛典今日官宣阵容#","新",167719,"音乐","微博音乐盛典今日官宣阵容"
,"三亚失联男孩尸体疑似被找到","#三亚失联男孩尸体疑似被找到#","",159304,"社会负面","三亚失联男孩尸体疑似被找到"
,"亲历者讲述入境韩国被关小黑屋","#亲历者讲述入境韩国被关小黑屋#","新",144928,"社会新闻","亲历者讲述入境韩国被关小黑屋"
,"太阳vs勇士","#太阳vs勇士#","",130894,"体育","太阳vs勇士"
,"韩国男子杀害中国妻子未遂获减刑","#韩国男子杀害中国妻子未遂获减刑#","",130469,"社会负面","韩国男子杀害中国妻子未遂获减刑"
,"上海人凌晨五点还在叫火锅外卖","#上海人凌晨五点还在叫火锅外卖#","",129766,"社会新闻","上海人凌晨五点还在叫火锅外卖"
,"欧盟就自中国入境航班指引达成一致","#欧盟就自中国入境航班指引达成一致#","",128899,"社会新闻,旅游","欧盟就自中国入境航班指引达成一致"
,"爸妈是真不拿我当外人啊","#爸妈是真不拿我当外人啊#","",127972,"情感","爸妈是真不拿我当外人啊"
,"金毛绝育后瘫坐副驾驶不下车","#金毛绝育后瘫坐副驾驶不下车#","",116729,"社会新闻","金毛绝育后瘫坐副驾驶不下车"
,"上海严公子","上海严公子","新",115325,"社会新闻","上海严公子"
"1673418203651","灰太狼的羊称家暴出轨均为虚构","#灰太狼的羊称家暴出轨均为虚构#","新",1236107,"网红,社会新闻","灰太狼的羊称家暴出轨均为虚构"
,"短发新娘不穿婚纱被误认成伴郎","#短发新娘不穿婚纱被误认成伴郎#","新",1181209,"社会新闻","短发新娘不穿婚纱被误认成伴郎"
,"新冠康复如何做到清淡饮食","#新冠康复如何做到清淡饮食#","",854312,"社会新闻","新冠康复如何做到清淡饮食"
,"上海严公子","上海严公子","新",853943,"社会新闻","上海严公子"
,"权志龙姐姐开北京首店","#权志龙姐姐开北京首店#","热",794926,"艺人","权志龙姐姐开北京首店"
,"网购60支冰淇淋到货发现用30箱装","#网购60支冰淇淋到货发现用30箱装#","新",766728,"社会新闻","网购60支冰淇淋到货发现用30箱装"
,"辉瑞称中国是第二大经济体新冠药不能太便宜","#辉瑞称中国是第二大经济体新冠药不能太便宜#","",663994,"社会新闻","辉瑞称中国是第二大经济体新冠药不能太便宜"
,"藤萝为枝","藤萝为枝","",633514,"其它","藤萝为枝"
,"3岁男童反复呕吐被确诊癌症晚期","#3岁男童反复呕吐被确诊癌症晚期#","",608546,"社会新闻","3岁男童反复呕吐被确诊癌症晚期"
,"一家4口三亚溺水全部遇难","#一家4口三亚溺水全部遇难#","热",605803,"社会新闻","一家4口三亚溺水全部遇难"
,"余景天就机场拥堵事件道歉","#余景天就机场拥堵事件道歉#","热",583825,"社会新闻,艺人","余景天就机场拥堵事件道歉"
,"老人去世00后担起重任帮抬棺","#老人去世00后担起重任帮抬棺#","新",556367,"社会新闻","老人去世00后担起重任帮抬棺"
,"虞书欣早期生图","#虞书欣早期生图#","",549126,"作品衍生","虞书欣早期生图"
,"程耳对王一博说咱俩吃饭去得了","#程耳对王一博说咱俩吃饭去得了#","新",534367,"影视","程耳对王一博说咱俩吃饭去得了"
,"iPhone16Pro或取消灵动岛","#iPhone16Pro或取消灵动岛#","",487087,"科技","iPhone16Pro或取消灵动岛"
,"杨紫琼金球奖影后","#杨紫琼金球奖影后#","",403622,"影视","杨紫琼金球奖影后"
,"中国目前流行毒株是世界其他地方已存在毒株","#中国目前流行毒株是世界其他地方已存在毒株#","",398057,"社会新闻","中国目前流行毒株是世界其他地方已存在毒株"
,"电费1个月3481元竟有电费刺客","#电费1个月3481元竟有电费刺客#","热",353648,"社会新闻","电费1个月3481元竟有电费刺客"
,"韩国要求香港航班只能降落仁川机场","#韩国要求香港航班只能降落仁川机场#","",330570,"社会新闻","韩国要求香港航班只能降落仁川机场"
,"没想到这猫咪居然这么脏","#没想到这猫咪居然这么脏#","新",306863,"幽默","没想到这猫咪居然这么脏"
,"陈哲远回应被综艺之神眷顾","#陈哲远回应被综艺之神眷顾#","新",289124,"作品衍生","陈哲远回应被综艺之神眷顾"
,"优衣库日本员工将涨薪40%","#优衣库日本员工将涨薪40%#","新",267605,"财经","优衣库日本员工将涨薪40%"
,"张雪迎说小女沈妙今日大婚","#张雪迎说小女沈妙今日大婚#","新",262325,"影视","张雪迎说小女沈妙今日大婚"
,"日本发红色挂件标记中国旅客","#日本发红色挂件标记中国旅客#","",233653,"社会新闻","日本发红色挂件标记中国旅客"
,"少年歌行女性角色","#少年歌行女性角色#","新",220463,"影视","少年歌行女性角色"
,"男子鱼刺卡喉反复按压致脑梗","#男子鱼刺卡喉反复按压致脑梗#","新",218717,"社会新闻","男子鱼刺卡喉反复按压致脑梗"
,"女孩上门迎娶自己的新郎","#女孩上门迎娶自己的新郎#","",211372,"情感","女孩上门迎娶自己的新郎"
,"泰国出境机票预订量第一","#泰国出境机票预订量第一#","",193488,"旅游","泰国出境机票预订量第一"
,"狗狗演我晕车状态","#狗狗演我晕车状态#","新",190689,"幽默","狗狗演我晕车状态"
,"深圳生育第三孩累计补贴1.9万元","#深圳生育第三孩累计补贴1.9万元#","",189474,"社会新闻","深圳生育第三孩累计补贴1.9万元"
,"向风而行三大怨种","#向风而行三大怨种#","新",189399,"影视","向风而行三大怨种"
,"王鹤棣片场逗狗花絮","#王鹤棣片场逗狗花絮#","新",189386,"影视","王鹤棣片场逗狗花絮"
,"大侦探8新春演唱会票价","#大侦探8新春演唱会票价#","",189303,"综艺","大侦探8新春演唱会票价"
,"肖战两次获得影视榜样年度人气男演员","#肖战两次获得影视榜样年度人气男演员#","",179941,"影视","肖战两次获得影视榜样年度人气男演员"
,"人民网评电视收费乱象","#人民网评电视收费乱象#","",175683,"社会新闻,科技","人民网评电视收费乱象"
,"韩国","#韩国#","",175614,"国外要闻","韩国"
,"女孩坐地铁花半小时帮邻座抢车票","#女孩坐地铁花半小时帮邻座抢车票#","新",173375,"社会新闻","女孩坐地铁花半小时帮邻座抢车票"
,"一公司就给员工加薪50元道歉","#一公司就给员工加薪50元道歉#","",165867,"社会新闻","一公司就给员工加薪50元道歉"
,"00后帮老人买票被送黄金手串","#00后帮老人买票被送黄金手串#","新",164984,"社会新闻","00后帮老人买票被送黄金手串"
,"女子带儿子偷偷回家妈妈感动落泪","#女子带儿子偷偷回家妈妈感动落泪#","新",162034,"社会新闻","女子带儿子偷偷回家妈妈感动落泪"
,"赵丽颖待播影视作品","#赵丽颖待播影视作品#","",159479,"影视","赵丽颖待播影视作品"
,"iPhone15全系将搭载灵动岛","#iPhone15全系将搭载灵动岛#","",154034,"科技","iPhone15全系将搭载灵动岛"
,"易烊千玺入选2022华语院线出彩演员","#易烊千玺入选2022华语院线出彩演员#","",150773,"影视","易烊千玺入选2022华语院线出彩演员"
,"各地大学生出手了","#各地大学生出手了#","",129230,"幽默,教育","各地大学生出手了"
,"三亚失联男孩尸体疑似被找到","#三亚失联男孩尸体疑似被找到#","",128849,"社会负面","三亚失联男孩尸体疑似被找到"
,"太阳vs勇士","#太阳vs勇士#","",128695,"体育","太阳vs勇士"
,"爸妈是真不拿我当外人啊","#爸妈是真不拿我当外人啊#","",128172,"情感","爸妈是真不拿我当外人啊"
,"C罗合同无帮助申办世界杯条款","#C罗合同无帮助申办世界杯条款#","",127886,"体育,社会新闻","C罗合同无帮助申办世界杯条款"
,"中国赴泰游客或将超疫情前水平","#中国赴泰游客或将超疫情前水平#","新",127595,"社会新闻,旅游","中国赴泰游客或将超疫情前水平"
,"韩国男子杀害中国妻子未遂获减刑","#韩国男子杀害中国妻子未遂获减刑#","",127181,"社会负面","韩国男子杀害中国妻子未遂获减刑"
"1673420004018","短发新娘不穿婚纱被误认成伴郎","#短发新娘不穿婚纱被误认成伴郎#","热",1480570,"社会新闻","短发新娘不穿婚纱被误认成伴郎"
,"灰太狼的羊称家暴出轨均为虚构","#灰太狼的羊称家暴出轨均为虚构#","新",1125901,"网红,社会新闻","灰太狼的羊称家暴出轨均为虚构"
,"新冠康复如何做到清淡饮食","#新冠康复如何做到清淡饮食#","",752617,"社会新闻","新冠康复如何做到清淡饮食"
,"上海严公子","上海严公子","新",739256,"社会新闻","上海严公子"
,"权志龙姐姐开北京首店","#权志龙姐姐开北京首店#","热",723172,"艺人","权志龙姐姐开北京首店"
,"老人去世00后担起重任帮抬棺","#老人去世00后担起重任帮抬棺#","新",683790,"社会新闻","老人去世00后担起重任帮抬棺"
,"网购60支冰淇淋到货发现用30箱装","#网购60支冰淇淋到货发现用30箱装#","",682288,"社会新闻","网购60支冰淇淋到货发现用30箱装"
,"藤萝为枝","藤萝为枝","",510195,"其它","藤萝为枝"
,"iPhone16Pro或取消灵动岛","#iPhone16Pro或取消灵动岛#","热",483764,"科技","iPhone16Pro或取消灵动岛"
,"3岁男童反复呕吐被确诊癌症晚期","#3岁男童反复呕吐被确诊癌症晚期#","",479830,"社会新闻","3岁男童反复呕吐被确诊癌症晚期"
,"虞书欣不冷吗","#虞书欣不冷吗#","新",474907,"作品衍生","虞书欣不冷吗"
,"一家4口三亚溺水全部遇难","#一家4口三亚溺水全部遇难#","热",468305,"社会新闻","一家4口三亚溺水全部遇难"
,"余景天就机场拥堵事件道歉","#余景天就机场拥堵事件道歉#","热",459866,"社会新闻,艺人","余景天就机场拥堵事件道歉"
,"程耳对王一博说咱俩吃饭去得了","#程耳对王一博说咱俩吃饭去得了#","新",398571,"影视","程耳对王一博说咱俩吃饭去得了"
,"辉瑞称中国是第二大经济体新冠药不能太便宜","#辉瑞称中国是第二大经济体新冠药不能太便宜#","",394719,"社会新闻","辉瑞称中国是第二大经济体新冠药不能太便宜"
,"凯特温斯莱特鼓励新手记者","#凯特温斯莱特鼓励新手记者#","新",384102,"影视","凯特温斯莱特鼓励新手记者"
,"00后帮老人买票被送黄金手串","#00后帮老人买票被送黄金手串#","新",333216,"社会新闻","00后帮老人买票被送黄金手串"
,"电费1个月3481元竟有电费刺客","#电费1个月3481元竟有电费刺客#","热",305661,"社会新闻","电费1个月3481元竟有电费刺客"
,"女子写错外卖地址男孩误吃鸡爪面包","#女子写错外卖地址男孩误吃鸡爪面包#","新",275348,"社会新闻","女子写错外卖地址男孩误吃鸡爪面包"
,"中国目前流行毒株是世界其他地方已存在毒株","#中国目前流行毒株是世界其他地方已存在毒株#","",272523,"社会新闻","中国目前流行毒株是世界其他地方已存在毒株"
,"易烊千玺满江红福布斯全球最受期待电影","#易烊千玺满江红福布斯全球最受期待电影#","新",271143,"影视","易烊千玺满江红福布斯全球最受期待电影"
,"金玟庭看恐怖片的反应","#金玟庭看恐怖片的反应#","新",270741,"综艺","金玟庭看恐怖片的反应"
,"杨紫琼金球奖影后","#杨紫琼金球奖影后#","",269471,"影视","杨紫琼金球奖影后"
,"劝老百姓买房专家任多家房企高管","#劝老百姓买房专家任多家房企高管#","新",268063,"财经","劝老百姓买房专家任多家房企高管"
,"韩国要求香港航班只能降落仁川机场","#韩国要求香港航班只能降落仁川机场#","",257951,"社会新闻","韩国要求香港航班只能降落仁川机场"
,"女子带儿子偷偷回家妈妈感动落泪","#女子带儿子偷偷回家妈妈感动落泪#","新",248878,"社会新闻","女子带儿子偷偷回家妈妈感动落泪"
,"没想到这猫咪居然这么脏","#没想到这猫咪居然这么脏#","",241360,"幽默","没想到这猫咪居然这么脏"
,"优衣库日本员工将涨薪40%","#优衣库日本员工将涨薪40%#","",223711,"财经","优衣库日本员工将涨薪40%"
,"狗狗演我晕车状态","#狗狗演我晕车状态#","新",219125,"幽默","狗狗演我晕车状态"
,"深圳生育第三孩累计补贴1.9万元","#深圳生育第三孩累计补贴1.9万元#","",200492,"社会新闻","深圳生育第三孩累计补贴1.9万元"
,"陈哲远回应被综艺之神眷顾","#陈哲远回应被综艺之神眷顾#","新",200081,"作品衍生","陈哲远回应被综艺之神眷顾"
,"向风而行三大怨种","#向风而行三大怨种#","新",196576,"影视","向风而行三大怨种"
,"中国赴泰游客或将超疫情前水平","#中国赴泰游客或将超疫情前水平#","新",183171,"社会新闻,旅游","中国赴泰游客或将超疫情前水平"
,"张雪迎说小女沈妙今日大婚","#张雪迎说小女沈妙今日大婚#","",178042,"影视","张雪迎说小女沈妙今日大婚"
,"中国奇谭小猫庙原型","#中国奇谭小猫庙原型#","",171733,"动漫,影视","中国奇谭小猫庙原型"
,"女孩坐地铁花半小时帮邻座抢车票","#女孩坐地铁花半小时帮邻座抢车票#","新",169131,"社会新闻","女孩坐地铁花半小时帮邻座抢车票"
,"泰国出境机票预订量第一","#泰国出境机票预订量第一#","",161227,"旅游","泰国出境机票预订量第一"
,"人民网评电视收费乱象","#人民网评电视收费乱象#","",159027,"社会新闻,科技","人民网评电视收费乱象"
,"爸爸将女儿第一双鞋当挂件","#爸爸将女儿第一双鞋当挂件#","新",157434,"社会新闻","爸爸将女儿第一双鞋当挂件"
,"日本发红色挂件标记中国旅客","#日本发红色挂件标记中国旅客#","",156451,"社会新闻","日本发红色挂件标记中国旅客"
,"90后东北女孩神还原蔡明春晚40年造型","#90后东北女孩神还原蔡明春晚40年造型#","新",156169,"作品衍生","90后东北女孩神还原蔡明春晚40年造型"
,"男子鱼刺卡喉反复按压致脑梗","#男子鱼刺卡喉反复按压致脑梗#","",154669,"社会新闻","男子鱼刺卡喉反复按压致脑梗"
,"肖战两次获得影视榜样年度人气男演员","#肖战两次获得影视榜样年度人气男演员#","",151727,"影视","肖战两次获得影视榜样年度人气男演员"
,"中国20年培养了6000万名工程师","#中国20年培养了6000万名工程师#","新",146042,"社会新闻","中国20年培养了6000万名工程师"
,"五年后电视机的样子","#五年后电视机的样子#","新",142033,"幽默","五年后电视机的样子"
,"iPhone15全系将搭载灵动岛","#iPhone15全系将搭载灵动岛#","",139862,"科技","iPhone15全系将搭载灵动岛"
,"女孩上门迎娶自己的新郎","#女孩上门迎娶自己的新郎#","",134302,"情感","女孩上门迎娶自己的新郎"
,"女子逛街试戴水杯把手被卡无奈买下","#女子逛街试戴水杯把手被卡无奈买下#","新",130898,"社会新闻","女子逛街试戴水杯把手被卡无奈买下"
,"腹式呼吸训练","#腹式呼吸训练#","新",130195,"体育","腹式呼吸训练"
,"一公司就给员工加薪50元道歉","#一公司就给员工加薪50元道歉#","",129381,"社会新闻","一公司就给员工加薪50元道歉"
"1673421804302","短发新娘不穿婚纱被误认成伴郎","#短发新娘不穿婚纱被误认成伴郎#","热",1357848,"社会新闻","短发新娘不穿婚纱被误认成伴郎"
,"女子写错外卖地址男孩误吃鸡爪面包","#女子写错外卖地址男孩误吃鸡爪面包#","新",1039634,"社会新闻","女子写错外卖地址男孩误吃鸡爪面包"
,"新冠康复如何做到清淡饮食","#新冠康复如何做到清淡饮食#","",978095,"社会新闻","新冠康复如何做到清淡饮食"
,"上海严公子","#上海严公子#","新",974731,"社会新闻","上海严公子"
,"灰太狼的羊称家暴出轨均为虚构","#灰太狼的羊称家暴出轨均为虚构#","",963879,"网红,社会新闻","灰太狼的羊称家暴出轨均为虚构"
,"权志龙姐姐开北京首店","#权志龙姐姐开北京首店#","热",563497,"艺人","权志龙姐姐开北京首店"
,"老人去世00后担起重任帮抬棺","#老人去世00后担起重任帮抬棺#","",551770,"社会新闻","老人去世00后担起重任帮抬棺"
,"劝老百姓买房专家任多家房企高管","#劝老百姓买房专家任多家房企高管#","新",504872,"财经","劝老百姓买房专家任多家房企高管"
,"网购60支冰淇淋到货发现用30箱装","#网购60支冰淇淋到货发现用30箱装#","",492811,"社会新闻","网购60支冰淇淋到货发现用30箱装"
,"何运晨排凶一排一个准","#何运晨排凶一排一个准#","新",459895,"综艺","何运晨排凶一排一个准"
,"虞书欣不冷吗","#虞书欣不冷吗#","新",453598,"作品衍生","虞书欣不冷吗"
,"一家4口三亚溺水全部遇难","#一家4口三亚溺水全部遇难#","热",447370,"社会新闻","一家4口三亚溺水全部遇难"
,"张若昀大侦探8银发造型","#张若昀大侦探8银发造型#","新",440889,"作品衍生","张若昀大侦探8银发造型"
,"iPhone16Pro或取消灵动岛","#iPhone16Pro或取消灵动岛#","热",438179,"科技","iPhone16Pro或取消灵动岛"
,"3岁男童反复呕吐被确诊癌症晚期","#3岁男童反复呕吐被确诊癌症晚期#","",420559,"社会新闻","3岁男童反复呕吐被确诊癌症晚期"
,"藤萝为枝","藤萝为枝","",410956,"其它","藤萝为枝"
,"谢腾飞才是财阀家的小儿子","#谢腾飞才是财阀家的小儿子#","新",390873,"影视","谢腾飞才是财阀家的小儿子"
,"五年后电视机的样子","#五年后电视机的样子#","新",358823,"幽默","五年后电视机的样子"
,"女子逛街试戴水杯把手被卡无奈买下","#女子逛街试戴水杯把手被卡无奈买下#","新",295174,"社会新闻","女子逛街试戴水杯把手被卡无奈买下"
,"中国赴泰游客或将超疫情前水平","#中国赴泰游客或将超疫情前水平#","新",268621,"社会新闻,旅游","中国赴泰游客或将超疫情前水平"
,"辉瑞称中国是第二大经济体新冠药不能太便宜","#辉瑞称中国是第二大经济体新冠药不能太便宜#","",268230,"社会新闻","辉瑞称中国是第二大经济体新冠药不能太便宜"
,"易烊千玺满江红福布斯全球最受期待电影","#易烊千玺满江红福布斯全球最受期待电影#","新",267775,"影视","易烊千玺满江红福布斯全球最受期待电影"
,"余景天就机场拥堵事件道歉","#余景天就机场拥堵事件道歉#","热",266734,"社会新闻,艺人","余景天就机场拥堵事件道歉"
,"宋雨琦给陈卓璇新歌打call","#宋雨琦给陈卓璇新歌打call#","新",266277,"音乐","宋雨琦给陈卓璇新歌打call"
,"凯特温斯莱特鼓励新手记者","#凯特温斯莱特鼓励新手记者#","新",265337,"影视","凯特温斯莱特鼓励新手记者"
,"电费1个月3481元竟有电费刺客","#电费1个月3481元竟有电费刺客#","",265228,"社会新闻","电费1个月3481元竟有电费刺客"
,"爸爸将女儿第一双鞋当挂件","#爸爸将女儿第一双鞋当挂件#","新",251701,"社会新闻","爸爸将女儿第一双鞋当挂件"
,"00后帮老人买票被送黄金手串","#00后帮老人买票被送黄金手串#","新",214302,"社会新闻","00后帮老人买票被送黄金手串"
,"韩国要求香港航班只能降落仁川机场","#韩国要求香港航班只能降落仁川机场#","",210518,"社会新闻","韩国要求香港航班只能降落仁川机场"
,"中国目前流行毒株是世界其他地方已存在毒株","#中国目前流行毒株是世界其他地方已存在毒株#","",209977,"社会新闻","中国目前流行毒株是世界其他地方已存在毒株"
,"王鹤棣心中TOP1的动漫角色是路飞","#王鹤棣心中TOP1的动漫角色是路飞#","新",203621,"影视,动漫","王鹤棣心中TOP1的动漫角色是路飞"
,"程耳对王一博说咱俩吃饭去得了","#程耳对王一博说咱俩吃饭去得了#","",202033,"影视","程耳对王一博说咱俩吃饭去得了"
,"90后东北女孩神还原蔡明春晚40年造型","#90后东北女孩神还原蔡明春晚40年造型#","新",198157,"作品衍生","90后东北女孩神还原蔡明春晚40年造型"
,"女子带儿子偷偷回家妈妈感动落泪","#女子带儿子偷偷回家妈妈感动落泪#","新",193303,"社会新闻","女子带儿子偷偷回家妈妈感动落泪"
,"优衣库日本员工将涨薪40%","#优衣库日本员工将涨薪40%#","",182867,"财经","优衣库日本员工将涨薪40%"
,"狗狗演我晕车状态","#狗狗演我晕车状态#","新",182404,"幽默","狗狗演我晕车状态"
,"没想到这猫咪居然这么脏","#没想到这猫咪居然这么脏#","",172960,"幽默","没想到这猫咪居然这么脏"
,"深圳生育第三孩累计补贴1.9万元","#深圳生育第三孩累计补贴1.9万元#","",159696,"社会新闻","深圳生育第三孩累计补贴1.9万元"
,"iPhone15全系将搭载灵动岛","#iPhone15全系将搭载灵动岛#","",148585,"科技","iPhone15全系将搭载灵动岛"
,"15岁男孩救火母亲大喊你快回来","#15岁男孩救火母亲大喊你快回来#","新",139995,"社会新闻","15岁男孩救火母亲大喊你快回来"
,"金玟庭看恐怖片的反应","#金玟庭看恐怖片的反应#","新",137977,"综艺","金玟庭看恐怖片的反应"
,"杨紫琼金球奖影后","#杨紫琼金球奖影后#","",137452,"影视","杨紫琼金球奖影后"
,"陈哲远回应被综艺之神眷顾","#陈哲远回应被综艺之神眷顾#","新",135202,"作品衍生","陈哲远回应被综艺之神眷顾"
,"泰国出境机票预订量第一","#泰国出境机票预订量第一#","",130818,"旅游","泰国出境机票预订量第一"
,"日本发红色挂件标记中国旅客","#日本发红色挂件标记中国旅客#","",123454,"社会新闻","日本发红色挂件标记中国旅客"
,"女孩坐地铁花半小时帮邻座抢车票","#女孩坐地铁花半小时帮邻座抢车票#","新",118551,"社会新闻","女孩坐地铁花半小时帮邻座抢车票"
,"女孩上门迎娶自己的新郎","#女孩上门迎娶自己的新郎#","",112763,"情感","女孩上门迎娶自己的新郎"
,"暂停签发韩日公民来华口岸签证","#暂停签发韩日公民来华口岸签证#","新",111033,"社会新闻","暂停签发韩日公民来华口岸签证"
,"五福吉祥物丑","#五福吉祥物丑#","新",108738,"社会新闻","五福吉祥物丑"
,"人民网评电视收费乱象","#人民网评电视收费乱象#","",108023,"社会新闻,科技","人民网评电视收费乱象"
"1673423604555","女子写错外卖地址男孩误吃鸡爪面包","#女子写错外卖地址男孩误吃鸡爪面包#","新",1564204,"社会新闻","女子写错外卖地址男孩误吃鸡爪面包"
,"短发新娘不穿婚纱被误认成伴郎","#短发新娘不穿婚纱被误认成伴郎#","热",1047079,"社会新闻","短发新娘不穿婚纱被误认成伴郎"
,"新冠康复如何做到清淡饮食","#新冠康复如何做到清淡饮食#","",878097,"社会新闻","新冠康复如何做到清淡饮食"
,"上海严公子","#上海严公子#","热",870142,"社会新闻","上海严公子"
,"张若昀大侦探8银发造型","#张若昀大侦探8银发造型#","新",847960,"作品衍生","张若昀大侦探8银发造型"
,"灰太狼的羊称家暴出轨均为虚构","#灰太狼的羊称家暴出轨均为虚构#","",773185,"网红,社会新闻","灰太狼的羊称家暴出轨均为虚构"
,"劝老百姓买房专家任多家房企高管","#劝老百姓买房专家任多家房企高管#","新",642108,"财经","劝老百姓买房专家任多家房企高管"
,"兰州震感","兰州震感","新",549596,"社会新闻","兰州震感"
,"权志龙姐姐开北京首店","#权志龙姐姐开北京首店#","热",416181,"艺人","权志龙姐姐开北京首店"
,"五年后电视机的样子","#五年后电视机的样子#","新",412580,"幽默","五年后电视机的样子"
,"一家4口三亚溺水全部遇难","#一家4口三亚溺水全部遇难#","热",411288,"社会新闻","一家4口三亚溺水全部遇难"
,"虞书欣不冷吗","#虞书欣不冷吗#","新",411254,"作品衍生","虞书欣不冷吗"
,"女子患癌去世前给女儿买整柜衣服","#女子患癌去世前给女儿买整柜衣服#","新",410176,"社会新闻","女子患癌去世前给女儿买整柜衣服"
,"网购60支冰淇淋到货发现用30箱装","#网购60支冰淇淋到货发现用30箱装#","",404221,"社会新闻","网购60支冰淇淋到货发现用30箱装"
,"王嘉尔两次科切拉地位变化","#王嘉尔两次科切拉地位变化#","新",397673,"音乐","王嘉尔两次科切拉地位变化"
,"iPhone16Pro或取消灵动岛","#iPhone16Pro或取消灵动岛#","热",379553,"科技","iPhone16Pro或取消灵动岛"
,"何运晨排凶一排一个准","#何运晨排凶一排一个准#","新",373906,"综艺","何运晨排凶一排一个准"
,"藤萝为枝","藤萝为枝","",347443,"其它","藤萝为枝"
,"3岁男童反复呕吐被确诊癌症晚期","#3岁男童反复呕吐被确诊癌症晚期#","",343875,"社会新闻","3岁男童反复呕吐被确诊癌症晚期"
,"老人去世00后担起重任帮抬棺","#老人去世00后担起重任帮抬棺#","",306341,"社会新闻","老人去世00后担起重任帮抬棺"
,"谢腾飞才是财阀家的小儿子","#谢腾飞才是财阀家的小儿子#","新",305482,"影视","谢腾飞才是财阀家的小儿子"
,"肖铎失恋发疯","#肖铎失恋发疯#","新",297765,"影视","肖铎失恋发疯"
,"李宏毅主动递简历争取到萧瑟","#李宏毅主动递简历争取到萧瑟#","新",297377,"影视","李宏毅主动递简历争取到萧瑟"
,"女子逛街试戴水杯把手被卡无奈买下","#女子逛街试戴水杯把手被卡无奈买下#","新",289703,"社会新闻","女子逛街试戴水杯把手被卡无奈买下"
,"爸爸将女儿第一双鞋当挂件","#爸爸将女儿第一双鞋当挂件#","新",268205,"社会新闻","爸爸将女儿第一双鞋当挂件"
,"易烊千玺满江红福布斯全球最受期待电影","#易烊千玺满江红福布斯全球最受期待电影#","新",268095,"影视","易烊千玺满江红福布斯全球最受期待电影"
,"王鹤棣心中TOP1的动漫角色是路飞","#王鹤棣心中TOP1的动漫角色是路飞#","新",267280,"影视,动漫","王鹤棣心中TOP1的动漫角色是路飞"
,"国产芯片有望通过先进封装突围","#国产芯片有望通过先进封装突围#","新",265691,"科技","国产芯片有望通过先进封装突围"
,"中国赴泰游客或将超疫情前水平","#中国赴泰游客或将超疫情前水平#","",265544,"社会新闻,旅游","中国赴泰游客或将超疫情前水平"
,"暂停签发韩日公民来华口岸签证","#暂停签发韩日公民来华口岸签证#","新",224222,"社会新闻","暂停签发韩日公民来华口岸签证"
,"余景天就机场拥堵事件道歉","#余景天就机场拥堵事件道歉#","",223702,"社会新闻,艺人","余景天就机场拥堵事件道歉"
,"90后东北女孩神还原蔡明春晚40年造型","#90后东北女孩神还原蔡明春晚40年造型#","新",219748,"作品衍生","90后东北女孩神还原蔡明春晚40年造型"
,"为什么彩礼习俗流传至今","#为什么彩礼习俗流传至今#","新",215567,"社会新闻","为什么彩礼习俗流传至今"
,"15岁男孩救火母亲大喊你快回来","#15岁男孩救火母亲大喊你快回来#","新",202444,"社会新闻","15岁男孩救火母亲大喊你快回来"
,"韩国要求香港航班只能降落仁川机场","#韩国要求香港航班只能降落仁川机场#","",175427,"社会新闻","韩国要求香港航班只能降落仁川机场"
,"中国目前流行毒株是世界其他地方已存在毒株","#中国目前流行毒株是世界其他地方已存在毒株#","",166897,"社会新闻","中国目前流行毒株是世界其他地方已存在毒株"
,"重点机构重点场所疫情防控有关情况","#重点机构重点场所疫情防控有关情况#","新",163934,"社会新闻","重点机构重点场所疫情防控有关情况"
,"五福吉祥物丑","#五福吉祥物丑#","新",163359,"社会新闻","五福吉祥物丑"
,"电费1个月3481元竟有电费刺客","#电费1个月3481元竟有电费刺客#","",161775,"社会新闻","电费1个月3481元竟有电费刺客"
,"泰国调整入境政策","#泰国调整入境政策#","新",152786,"社会新闻","泰国调整入境政策"
,"凯特温斯莱特鼓励新手记者","#凯特温斯莱特鼓励新手记者#","新",149641,"影视","凯特温斯莱特鼓励新手记者"
,"想见你导演黄天仁关注吴磊赵今麦","#想见你导演黄天仁关注吴磊赵今麦#","新",149025,"影视","想见你导演黄天仁关注吴磊赵今麦"
,"狗狗演我晕车状态","#狗狗演我晕车状态#","",145397,"幽默","狗狗演我晕车状态"
,"00后帮老人买票被送黄金手串","#00后帮老人买票被送黄金手串#","",140817,"社会新闻","00后帮老人买票被送黄金手串"
,"明天会有V我50的人吗","#明天会有V我50的人吗#","新",140470,"幽默,情感","明天会有V我50的人吗"
,"没想到这猫咪居然这么脏","#没想到这猫咪居然这么脏#","",140094,"幽默","没想到这猫咪居然这么脏"
,"江西如何给天价彩礼降温","#江西如何给天价彩礼降温#","新",139736,"社会新闻","江西如何给天价彩礼降温"
,"深圳生育第三孩累计补贴1.9万元","#深圳生育第三孩累计补贴1.9万元#","",139662,"社会新闻","深圳生育第三孩累计补贴1.9万元"
,"优衣库日本员工将涨薪40%","#优衣库日本员工将涨薪40%#","",138485,"财经","优衣库日本员工将涨薪40%"
,"女子带儿子偷偷回家妈妈感动落泪","#女子带儿子偷偷回家妈妈感动落泪#","",131881,"社会新闻","女子带儿子偷偷回家妈妈感动落泪"
"1673425404792","女子写错外卖地址男孩误吃鸡爪面包","#女子写错外卖地址男孩误吃鸡爪面包#","热",1515201,"社会新闻","女子写错外卖地址男孩误吃鸡爪面包"
,"女子患癌去世前给女儿买整柜衣服","#女子患癌去世前给女儿买整柜衣服#","新",954045,"社会新闻","女子患癌去世前给女儿买整柜衣服"
,"新冠康复如何做到清淡饮食","#新冠康复如何做到清淡饮食#","",901778,"社会新闻","新冠康复如何做到清淡饮食"
,"上海严公子","#上海严公子#","热",885647,"社会新闻","上海严公子"
,"泰国调整入境政策","#泰国调整入境政策#","新",868548,"社会新闻","泰国调整入境政策"
,"短发新娘不穿婚纱被误认成伴郎","#短发新娘不穿婚纱被误认成伴郎#","热",782816,"社会新闻","短发新娘不穿婚纱被误认成伴郎"
,"杨幂在演一种很新的白狐","#杨幂在演一种很新的白狐#","新",677638,"影视","杨幂在演一种很新的白狐"
,"张若昀大侦探8银发造型","#张若昀大侦探8银发造型#","新",637992,"作品衍生","张若昀大侦探8银发造型"
,"劝老百姓买房专家任多家房企高管","#劝老百姓买房专家任多家房企高管#","",493466,"财经","劝老百姓买房专家任多家房企高管"
,"五年后电视机的样子","#五年后电视机的样子#","",433871,"幽默","五年后电视机的样子"
,"一家4口三亚溺水全部遇难","#一家4口三亚溺水全部遇难#","热",425592,"社会新闻","一家4口三亚溺水全部遇难"
,"虞书欣不冷吗","#虞书欣不冷吗#","",424550,"作品衍生","虞书欣不冷吗"
,"权志龙姐姐开北京首店","#权志龙姐姐开北京首店#","热",409768,"艺人","权志龙姐姐开北京首店"
,"兰州震感","兰州震感","新",378067,"社会新闻","兰州震感"
,"网购60支冰淇淋到货发现用30箱装","#网购60支冰淇淋到货发现用30箱装#","",362554,"社会新闻","网购60支冰淇淋到货发现用30箱装"
,"国产芯片有望通过先进封装突围","#国产芯片有望通过先进封装突围#","新",355812,"科技","国产芯片有望通过先进封装突围"
,"王嘉尔两次科切拉地位变化","#王嘉尔两次科切拉地位变化#","新",340108,"音乐","王嘉尔两次科切拉地位变化"
,"为什么彩礼习俗流传至今","#为什么彩礼习俗流传至今#","新",339473,"社会新闻","为什么彩礼习俗流传至今"
,"藤萝为枝","藤萝为枝","",324270,"其它","藤萝为枝"
,"马龙 比赛","马龙 比赛","新",313332,"体育","马龙 比赛"
,"肖铎失恋发疯","#肖铎失恋发疯#","新",305860,"影视","肖铎失恋发疯"
,"找到中国奇谭里的小猪妖了","#找到中国奇谭里的小猪妖了#","新",301013,"动漫,影视","找到中国奇谭里的小猪妖了"
,"李宏毅主动递简历争取到萧瑟","#李宏毅主动递简历争取到萧瑟#","新",299277,"影视","李宏毅主动递简历争取到萧瑟"
,"iPhone16Pro或取消灵动岛","#iPhone16Pro或取消灵动岛#","热",292419,"科技","iPhone16Pro或取消灵动岛"
,"3岁男童反复呕吐被确诊癌症晚期","#3岁男童反复呕吐被确诊癌症晚期#","",286932,"社会新闻","3岁男童反复呕吐被确诊癌症晚期"
,"研究称智能手机可释放致命病毒","#研究称智能手机可释放致命病毒#","新",274699,"科技","研究称智能手机可释放致命病毒"
,"90后东北女孩神还原蔡明春晚40年造型","#90后东北女孩神还原蔡明春晚40年造型#","",271728,"作品衍生","90后东北女孩神还原蔡明春晚40年造型"
,"女子逛街试戴水杯把手被卡无奈买下","#女子逛街试戴水杯把手被卡无奈买下#","",241677,"社会新闻","女子逛街试戴水杯把手被卡无奈买下"
,"暂停签发韩日公民来华口岸签证","#暂停签发韩日公民来华口岸签证#","新",223731,"社会新闻","暂停签发韩日公民来华口岸签证"
,"爸爸将女儿第一双鞋当挂件","#爸爸将女儿第一双鞋当挂件#","",220876,"社会新闻","爸爸将女儿第一双鞋当挂件"
,"王鹤棣心中TOP1的动漫角色是路飞","#王鹤棣心中TOP1的动漫角色是路飞#","新",219817,"影视,动漫","王鹤棣心中TOP1的动漫角色是路飞"
,"赵丽颖手画兔小蕊","#赵丽颖手画兔小蕊#","新",218216,"综艺","赵丽颖手画兔小蕊"
,"灰太狼的羊称家暴出轨均为虚构","#灰太狼的羊称家暴出轨均为虚构#","",214969,"网红,社会新闻","灰太狼的羊称家暴出轨均为虚构"
,"何运晨排凶一排一个准","#何运晨排凶一排一个准#","新",214046,"综艺","何运晨排凶一排一个准"
,"易烊千玺满江红福布斯全球最受期待电影","#易烊千玺满江红福布斯全球最受期待电影#","",212489,"影视","易烊千玺满江红福布斯全球最受期待电影"
,"15岁男孩救火母亲大喊你快回来","#15岁男孩救火母亲大喊你快回来#","新",210818,"社会新闻","15岁男孩救火母亲大喊你快回来"
,"中国赴泰游客或将超疫情前水平","#中国赴泰游客或将超疫情前水平#","",204727,"社会新闻,旅游","中国赴泰游客或将超疫情前水平"
,"画师改名话诗","#画师改名话诗#","新",185699,"游戏","画师改名话诗"
,"老人去世00后担起重任帮抬棺","#老人去世00后担起重任帮抬棺#","",183530,"社会新闻","老人去世00后担起重任帮抬棺"
,"江西如何给天价彩礼降温","#江西如何给天价彩礼降温#","新",170214,"社会新闻","江西如何给天价彩礼降温"
,"上美影回应中国奇谭周边脱销","#上美影回应中国奇谭周边脱销#","新",169044,"动漫,影视","上美影回应中国奇谭周边脱销"
,"谢腾飞才是财阀家的小儿子","#谢腾飞才是财阀家的小儿子#","新",166620,"影视","谢腾飞才是财阀家的小儿子"
,"狼人杀","#狼人杀#","新",162515,"游戏","狼人杀"
,"韩国要求香港航班只能降落仁川机场","#韩国要求香港航班只能降落仁川机场#","",157920,"社会新闻","韩国要求香港航班只能降落仁川机场"
,"中国目前流行毒株是世界其他地方已存在毒株","#中国目前流行毒株是世界其他地方已存在毒株#","",154318,"社会新闻","中国目前流行毒株是世界其他地方已存在毒株"
,"没想到这猫咪居然这么脏","#没想到这猫咪居然这么脏#","",153852,"幽默","没想到这猫咪居然这么脏"
,"电费1个月3481元竟有电费刺客","#电费1个月3481元竟有电费刺客#","",153382,"社会新闻","电费1个月3481元竟有电费刺客"
,"优衣库日本员工将涨薪40%","#优衣库日本员工将涨薪40%#","",152762,"财经","优衣库日本员工将涨薪40%"
,"2022年十大语文差错","#2022年十大语文差错#","新",152226,"其它","2022年十大语文差错"
,"辅警跪地10分钟救下老伯一条命","#辅警跪地10分钟救下老伯一条命#","新",151500,"社会正能量","辅警跪地10分钟救下老伯一条命"
"1673427205189","女子写错外卖地址男孩误吃鸡爪面包","#女子写错外卖地址男孩误吃鸡爪面包#","热",1456641,"社会新闻","女子写错外卖地址男孩误吃鸡爪面包"
,"泰国调整入境政策","#泰国调整入境政策#","新",1353020,"社会新闻","泰国调整入境政策"
,"新冠康复如何做到清淡饮食","#新冠康复如何做到清淡饮食#","",1171291,"社会新闻","新冠康复如何做到清淡饮食"
,"杨幂在演一种很新的白狐","#杨幂在演一种很新的白狐#","新",1032675,"影视","杨幂在演一种很新的白狐"
,"女子患癌去世前给女儿买整柜衣服","#女子患癌去世前给女儿买整柜衣服#","新",917862,"社会新闻","女子患癌去世前给女儿买整柜衣服"
,"研究称智能手机可释放致命病毒","#研究称智能手机可释放致命病毒#","新",560341,"科技","研究称智能手机可释放致命病毒"
,"短发新娘不穿婚纱被误认成伴郎","#短发新娘不穿婚纱被误认成伴郎#","热",543457,"社会新闻","短发新娘不穿婚纱被误认成伴郎"
,"为什么彩礼习俗流传至今","#为什么彩礼习俗流传至今#","新",498403,"社会新闻","为什么彩礼习俗流传至今"
,"上海严公子","#上海严公子#","热",494849,"社会新闻","上海严公子"
,"张若昀大侦探8银发造型","#张若昀大侦探8银发造型#","",490448,"作品衍生","张若昀大侦探8银发造型"
,"一家4口三亚溺水全部遇难","#一家4口三亚溺水全部遇难#","热",460774,"社会新闻","一家4口三亚溺水全部遇难"
,"虞书欣不冷吗","#虞书欣不冷吗#","",454438,"作品衍生","虞书欣不冷吗"
,"Doinb选手认证被取消","#Doinb选手认证被取消#","新",440710,"游戏","Doinb选手认证被取消"
,"五年后电视机的样子","#五年后电视机的样子#","",412299,"幽默","五年后电视机的样子"
,"国产芯片有望通过先进封装突围","#国产芯片有望通过先进封装突围#","新",396735,"科技","国产芯片有望通过先进封装突围"
,"吴磊赵露思星汉灿烂豆瓣评分人数超50万","#吴磊赵露思星汉灿烂豆瓣评分人数超50万#","新",393452,"影视","吴磊赵露思星汉灿烂豆瓣评分人数超50万"
,"马龙 比赛","马龙 比赛","新",381665,"体育","马龙 比赛"
,"劝老百姓买房专家任多家房企高管","#劝老百姓买房专家任多家房企高管#","",352195,"财经","劝老百姓买房专家任多家房企高管"
,"网购60支冰淇淋到货发现用30箱装","#网购60支冰淇淋到货发现用30箱装#","",348363,"社会新闻","网购60支冰淇淋到货发现用30箱装"
,"藤萝为枝","藤萝为枝","",338383,"其它","藤萝为枝"
,"三亚和泰国旅游卷起来了","#三亚和泰国旅游卷起来了#","新",334285,"旅游","三亚和泰国旅游卷起来了"
,"找到中国奇谭里的小猪妖了","#找到中国奇谭里的小猪妖了#","新",331420,"动漫,影视","找到中国奇谭里的小猪妖了"
,"王嘉尔两次科切拉地位变化","#王嘉尔两次科切拉地位变化#","新",308236,"音乐","王嘉尔两次科切拉地位变化"
,"权志龙姐姐开北京首店","#权志龙姐姐开北京首店#","热",306064,"艺人","权志龙姐姐开北京首店"
,"台媒称东部战区MV中出现台康定级军舰","#台媒称东部战区MV中出现台康定级军舰#","新",297909,"军事","台媒称东部战区MV中出现台康定级军舰"
,"狼人杀","#狼人杀#","新",279398,"游戏","狼人杀"
,"李宏毅主动递简历争取到萧瑟","#李宏毅主动递简历争取到萧瑟#","新",264799,"影视","李宏毅主动递简历争取到萧瑟"
,"谢腾飞才是财阀家的小儿子","#谢腾飞才是财阀家的小儿子#","",257187,"影视","谢腾飞才是财阀家的小儿子"
,"iPhone16Pro或取消灵动岛","#iPhone16Pro或取消灵动岛#","",251349,"科技","iPhone16Pro或取消灵动岛"
,"3岁男童反复呕吐被确诊癌症晚期","#3岁男童反复呕吐被确诊癌症晚期#","",228069,"社会新闻","3岁男童反复呕吐被确诊癌症晚期"
,"肖铎失恋发疯","#肖铎失恋发疯#","新",226669,"影视","肖铎失恋发疯"
,"暂停签发韩日公民来华口岸签证","#暂停签发韩日公民来华口岸签证#","",224000,"社会新闻","暂停签发韩日公民来华口岸签证"
,"赵丽颖手画兔小蕊","#赵丽颖手画兔小蕊#","新",221378,"综艺","赵丽颖手画兔小蕊"
,"15岁男孩救火母亲大喊你快回来","#15岁男孩救火母亲大喊你快回来#","",206939,"社会新闻","15岁男孩救火母亲大喊你快回来"
,"90后东北女孩神还原蔡明春晚40年造型","#90后东北女孩神还原蔡明春晚40年造型#","",206490,"作品衍生","90后东北女孩神还原蔡明春晚40年造型"
,"王鹤棣心中TOP1的动漫角色是路飞","#王鹤棣心中TOP1的动漫角色是路飞#","",197398,"影视,动漫","王鹤棣心中TOP1的动漫角色是路飞"
,"军队文职","军队文职","新",193681,"社会新闻","军队文职"
,"原来这才是给父母最好的礼物","#原来这才是给父母最好的礼物#","新",189786,"情感","原来这才是给父母最好的礼物"
,"画师改名话诗","#画师改名话诗#","新",184057,"游戏","画师改名话诗"
,"兰州震感","#兰州震感#","新",183936,"社会新闻","兰州震感"
,"时代少年团侠男儿歌年度国风歌曲","#时代少年团侠男儿歌年度国风歌曲#","新",183056,"音乐","时代少年团侠男儿歌年度国风歌曲"
,"女子逛街试戴水杯把手被卡无奈买下","#女子逛街试戴水杯把手被卡无奈买下#","",181766,"社会新闻","女子逛街试戴水杯把手被卡无奈买下"
,"易烊千玺满江红福布斯全球最受期待电影","#易烊千玺满江红福布斯全球最受期待电影#","",178068,"影视","易烊千玺满江红福布斯全球最受期待电影"
,"老人去世00后担起重任帮抬棺","#老人去世00后担起重任帮抬棺#","",168886,"社会新闻","老人去世00后担起重任帮抬棺"
,"中国赴泰游客或将超疫情前水平","#中国赴泰游客或将超疫情前水平#","",162547,"社会新闻,旅游","中国赴泰游客或将超疫情前水平"
,"FPX澄清冠军皮肤分成","#FPX澄清冠军皮肤分成#","新",160543,"游戏","FPX澄清冠军皮肤分成"
,"江西如何给天价彩礼降温","#江西如何给天价彩礼降温#","新",160195,"社会新闻","江西如何给天价彩礼降温"
,"爸爸将女儿第一双鞋当挂件","#爸爸将女儿第一双鞋当挂件#","",152769,"社会新闻","爸爸将女儿第一双鞋当挂件"
,"中国目前流行毒株是世界其他地方已存在毒株","#中国目前流行毒株是世界其他地方已存在毒株#","",138639,"社会新闻","中国目前流行毒株是世界其他地方已存在毒株"
,"女子在婆家公司无薪工作索赔37万","#女子在婆家公司无薪工作索赔37万#","新",137504,"社会新闻","女子在婆家公司无薪工作索赔37万"